{
    "$schema": "https://schema.management.azure.com/schemas/2019-04-01/deploymentParameters.json#",
    "contentVersion": "1.0.0.0",
    "parameters": {
      "vnetName": {
        "value": "core01"
      },
    "vnetAddressPrefix": {
        "value": "10.60.0.0/23"
    },
      "location": {
          "value": "uksouth" // TODO: Fill in parameter value
      },
      "subnets": {
        "value": [
          {
            "name": "AzureBastionSubnet",
            "addressPrefix": "10.60.0.0/27"
          },
          {
            "name": "webserver01",
            "addressPrefix": "10.60.0.32/27"
            },
            {
            "name": "application01",
            "addressPrefix": "10.60.0.64/27"
          },
          {
            "name": "database01",
            "addressPrefix": "10.60.0.96/27"
          }
        ]
    },
    "forceID": {
        "value": "asc-"
    },
    "region": {
      "value": "uks-"
    }
    }
  }