{
  "$schema": "https://schema.management.azure.com/schemas/2015-01-01/deploymentTemplate.json#",
  "contentVersion": "1.0.0.0",
  "parameters": {
    "vnetName": {
      "type": "string",
      "metadata": {
        "description": "VNet name"
      }
    },
    "vnetAddressPrefix": {
      "type": "string",
      "metadata": {
        "description": "Address prefix"
      }
    },
    "subnets": {
      "type": "array",
      "metadata": {
        "description": "description"
      }
    },
    "location": {
      "type": "string",
      "metadata": {
        "description": "Location for all resources."
      }
    },
    "forceID": {
      "type": "string",
      "metadata": {
        "description": "fixed characters for naming convention"
      }
    },
    "region": {
      "type": "string",
      "metadata": {
        "description": "fixed characters for the naming convention"
      }
    }
  },

  "variables": {
    "namingConvention": {
      "snPrefix": "sn-",
      "forceID": "asc-",
      "vnPrefix": "vn-"
    },
    "subnetName": "[concat('sn-', parameters('forceID'), parameters('region'))]",
    "vnetName": "[concat('vn-', parameters('forceID'), parameters('region'), parameters('vnetName'))]",
    "apiVersion": "2018-05-01"
  },
  "resources": [
    {
      "type": "Microsoft.Network/virtualNetworks",
      "apiVersion": "[variables('apiVersion')]",
      "name": "[variables('vnetName')]",
      "location": "[parameters('location')]",
      "properties": {
        "addressSpace": {
          "addressPrefixes": ["[parameters('vnetAddressPrefix')]"]
        },
        "copy": [
          {
            "name": "subnets",
            "count": "[length(parameters('subnets'))]",
            "input": {
              "name": "[if(equals(parameters('subnets')[copyIndex('subnets')].name,'AzureBastionSubnet'),parameters('subnets')[copyIndex('subnets')].name,concat(variables('subnetName'),parameters('subnets')[copyIndex('subnets')].name))]",
              "properties": {
                "addressPrefix": "[parameters('subnets')[copyIndex('subnets')].addressPrefix]"
              }
            }
          }
        ]
      }
    }
  ]
}
